{"cameraMode":{"drawMode":0,"name":"Shaded","section":"Shading Mode"},"sceneLighting":false,"audioPlay":false,"sceneViewState":{"showFog":true,"showMaterialUpdate":false,"showSkybox":true,"showFlares":true,"showImageEffects":true,"showParticleSystems":true},"in2DMode":false,"pivot":{"x":0.42810142040252688,"y":-90.08368682861328,"z":5.267961502075195},"rotation":{"x":0.35462602972984316,"y":0.028602413833141328,"z":0.010853745974600315,"w":-0.9345107674598694},"size":22.0,"orthographic":false}